epoch,avg_score,avg_score_bin,success_rate
0,0.32499430432217197,0.2,0.5
1,0.18907461075577886,0.1,0.5
2,0.1695248919655569,0.0,0.5
3,0.4040318374056369,0.2,0.5
4,0.2553605955094099,0.1,0.5
5,0.38099043994443493,0.2,0.5
6,0.3757600802113302,0.3,0.5
7,0.26228991491952913,0.2,0.5
8,0.43934130370616914,0.3,0.5
9,0.19576292663114145,0.0,0.5
